"filename", "language", "JSON with Comments", "CSS", "HTML", "JSON", "TypeScript", "Markdown", "comment", "blank", "total"
"c:\Users\abeni\OneDrive\Escritorio\daw2\proyecto\sneakshopClient\README.md", "Markdown", 0, 0, 0, 0, 0, 14, 0, 14, 28
"c:\Users\abeni\OneDrive\Escritorio\daw2\proyecto\sneakshopClient\angular.json", "JSON", 0, 0, 0, 101, 0, 0, 0, 1, 102
"c:\Users\abeni\OneDrive\Escritorio\daw2\proyecto\sneakshopClient\package-lock.json", "JSON", 0, 0, 0, 11594, 0, 0, 0, 1, 11595
"c:\Users\abeni\OneDrive\Escritorio\daw2\proyecto\sneakshopClient\package.json", "JSON", 0, 0, 0, 41, 0, 0, 0, 1, 42
"c:\Users\abeni\OneDrive\Escritorio\daw2\proyecto\sneakshopClient\src\app\app-routing.module.ts", "TypeScript", 0, 0, 0, 0, 57, 0, 0, 5, 62
"c:\Users\abeni\OneDrive\Escritorio\daw2\proyecto\sneakshopClient\src\app\app.component.css", "CSS", 0, 0, 0, 0, 0, 0, 0, 1, 1
"c:\Users\abeni\OneDrive\Escritorio\daw2\proyecto\sneakshopClient\src\app\app.component.html", "HTML", 0, 0, 2, 0, 0, 0, 0, 0, 2
"c:\Users\abeni\OneDrive\Escritorio\daw2\proyecto\sneakshopClient\src\app\app.component.spec.ts", "TypeScript", 0, 0, 0, 0, 31, 0, 0, 5, 36
"c:\Users\abeni\OneDrive\Escritorio\daw2\proyecto\sneakshopClient\src\app\app.component.ts", "TypeScript", 0, 0, 0, 0, 9, 0, 0, 2, 11
"c:\Users\abeni\OneDrive\Escritorio\daw2\proyecto\sneakshopClient\src\app\app.module.ts", "TypeScript", 0, 0, 0, 0, 101, 0, 2, 23, 126
"c:\Users\abeni\OneDrive\Escritorio\daw2\proyecto\sneakshopClient\src\app\component\application\producto\routed\admin\producto-edit-admin\producto-edit-admin.component.css", "CSS", 0, 0, 0, 0, 0, 0, 0, 1, 1
"c:\Users\abeni\OneDrive\Escritorio\daw2\proyecto\sneakshopClient\src\app\component\application\producto\routed\admin\producto-edit-admin\producto-edit-admin.component.html", "HTML", 0, 0, 187, 0, 0, 0, 0, 17, 204
"c:\Users\abeni\OneDrive\Escritorio\daw2\proyecto\sneakshopClient\src\app\component\application\producto\routed\admin\producto-edit-admin\producto-edit-admin.component.spec.ts", "TypeScript", 0, 0, 0, 0, 18, 0, 0, 6, 24
"c:\Users\abeni\OneDrive\Escritorio\daw2\proyecto\sneakshopClient\src\app\component\application\producto\routed\admin\producto-edit-admin\producto-edit-admin.component.ts", "TypeScript", 0, 0, 0, 0, 205, 0, 3, 24, 232
"c:\Users\abeni\OneDrive\Escritorio\daw2\proyecto\sneakshopClient\src\app\component\application\producto\routed\admin\producto-new-admin\producto-new-admin.component.css", "CSS", 0, 4, 0, 0, 0, 0, 0, 0, 4
"c:\Users\abeni\OneDrive\Escritorio\daw2\proyecto\sneakshopClient\src\app\component\application\producto\routed\admin\producto-new-admin\producto-new-admin.component.html", "HTML", 0, 0, 189, 0, 0, 0, 0, 26, 215
"c:\Users\abeni\OneDrive\Escritorio\daw2\proyecto\sneakshopClient\src\app\component\application\producto\routed\admin\producto-new-admin\producto-new-admin.component.spec.ts", "TypeScript", 0, 0, 0, 0, 18, 0, 0, 6, 24
"c:\Users\abeni\OneDrive\Escritorio\daw2\proyecto\sneakshopClient\src\app\component\application\producto\routed\admin\producto-new-admin\producto-new-admin.component.ts", "TypeScript", 0, 0, 0, 0, 101, 0, 1, 13, 115
"c:\Users\abeni\OneDrive\Escritorio\daw2\proyecto\sneakshopClient\src\app\component\application\producto\routed\admin\producto-plist-admin\producto-plist-admin.component.css", "CSS", 0, 4, 0, 0, 0, 0, 0, 0, 4
"c:\Users\abeni\OneDrive\Escritorio\daw2\proyecto\sneakshopClient\src\app\component\application\producto\routed\admin\producto-plist-admin\producto-plist-admin.component.html", "HTML", 0, 0, 86, 0, 0, 0, 3, 1, 90
"c:\Users\abeni\OneDrive\Escritorio\daw2\proyecto\sneakshopClient\src\app\component\application\producto\routed\admin\producto-plist-admin\producto-plist-admin.component.spec.ts", "TypeScript", 0, 0, 0, 0, 18, 0, 0, 6, 24
"c:\Users\abeni\OneDrive\Escritorio\daw2\proyecto\sneakshopClient\src\app\component\application\producto\routed\admin\producto-plist-admin\producto-plist-admin.component.ts", "TypeScript", 0, 0, 0, 0, 76, 0, 9, 22, 107
"c:\Users\abeni\OneDrive\Escritorio\daw2\proyecto\sneakshopClient\src\app\component\application\producto\routed\admin\producto-remove-admin\producto-remove-admin.component.css", "CSS", 0, 4, 0, 0, 0, 0, 0, 0, 4
"c:\Users\abeni\OneDrive\Escritorio\daw2\proyecto\sneakshopClient\src\app\component\application\producto\routed\admin\producto-remove-admin\producto-remove-admin.component.html", "HTML", 0, 0, 23, 0, 0, 0, 0, 1, 24
"c:\Users\abeni\OneDrive\Escritorio\daw2\proyecto\sneakshopClient\src\app\component\application\producto\routed\admin\producto-remove-admin\producto-remove-admin.component.spec.ts", "TypeScript", 0, 0, 0, 0, 18, 0, 0, 6, 24
"c:\Users\abeni\OneDrive\Escritorio\daw2\proyecto\sneakshopClient\src\app\component\application\producto\routed\admin\producto-remove-admin\producto-remove-admin.component.ts", "TypeScript", 0, 0, 0, 0, 35, 0, 0, 9, 44
"c:\Users\abeni\OneDrive\Escritorio\daw2\proyecto\sneakshopClient\src\app\component\application\producto\routed\admin\producto-view-admin\producto-view-admin.component.css", "CSS", 0, 4, 0, 0, 0, 0, 0, 0, 4
"c:\Users\abeni\OneDrive\Escritorio\daw2\proyecto\sneakshopClient\src\app\component\application\producto\routed\admin\producto-view-admin\producto-view-admin.component.html", "HTML", 0, 0, 10, 0, 0, 0, 0, 2, 12
"c:\Users\abeni\OneDrive\Escritorio\daw2\proyecto\sneakshopClient\src\app\component\application\producto\routed\admin\producto-view-admin\producto-view-admin.component.spec.ts", "TypeScript", 0, 0, 0, 0, 18, 0, 0, 6, 24
"c:\Users\abeni\OneDrive\Escritorio\daw2\proyecto\sneakshopClient\src\app\component\application\producto\routed\admin\producto-view-admin\producto-view-admin.component.ts", "TypeScript", 0, 0, 0, 0, 29, 0, 0, 7, 36
"c:\Users\abeni\OneDrive\Escritorio\daw2\proyecto\sneakshopClient\src\app\component\application\producto\routed\usuario\producto-plist-usuario\producto-plist-usuario.component.css", "CSS", 0, 86, 0, 0, 0, 0, 0, 13, 99
"c:\Users\abeni\OneDrive\Escritorio\daw2\proyecto\sneakshopClient\src\app\component\application\producto\routed\usuario\producto-plist-usuario\producto-plist-usuario.component.html", "HTML", 0, 0, 65, 0, 0, 0, 1, 5, 71
"c:\Users\abeni\OneDrive\Escritorio\daw2\proyecto\sneakshopClient\src\app\component\application\producto\routed\usuario\producto-plist-usuario\producto-plist-usuario.component.spec.ts", "TypeScript", 0, 0, 0, 0, 18, 0, 0, 6, 24
"c:\Users\abeni\OneDrive\Escritorio\daw2\proyecto\sneakshopClient\src\app\component\application\producto\routed\usuario\producto-plist-usuario\producto-plist-usuario.component.ts", "TypeScript", 0, 0, 0, 0, 86, 0, 1, 19, 106
"c:\Users\abeni\OneDrive\Escritorio\daw2\proyecto\sneakshopClient\src\app\component\application\producto\unrouted\producto-detail-admin-unrouted\producto-detail-admin-unrouted.component.css", "CSS", 0, 0, 0, 0, 0, 0, 0, 1, 1
"c:\Users\abeni\OneDrive\Escritorio\daw2\proyecto\sneakshopClient\src\app\component\application\producto\unrouted\producto-detail-admin-unrouted\producto-detail-admin-unrouted.component.html", "HTML", 0, 0, 32, 0, 0, 0, 0, 1, 33
"c:\Users\abeni\OneDrive\Escritorio\daw2\proyecto\sneakshopClient\src\app\component\application\producto\unrouted\producto-detail-admin-unrouted\producto-detail-admin-unrouted.component.spec.ts", "TypeScript", 0, 0, 0, 0, 18, 0, 0, 6, 24
"c:\Users\abeni\OneDrive\Escritorio\daw2\proyecto\sneakshopClient\src\app\component\application\producto\unrouted\producto-detail-admin-unrouted\producto-detail-admin-unrouted.component.ts", "TypeScript", 0, 0, 0, 0, 29, 0, 0, 7, 36
"c:\Users\abeni\OneDrive\Escritorio\daw2\proyecto\sneakshopClient\src\app\component\application\tipoproducto\routed\admin\tipoproducto-edit-admin\tipoproducto-edit-admin.component.css", "CSS", 0, 0, 0, 0, 0, 0, 0, 1, 1
"c:\Users\abeni\OneDrive\Escritorio\daw2\proyecto\sneakshopClient\src\app\component\application\tipoproducto\routed\admin\tipoproducto-edit-admin\tipoproducto-edit-admin.component.html", "HTML", 0, 0, 34, 0, 0, 0, 0, 9, 43
"c:\Users\abeni\OneDrive\Escritorio\daw2\proyecto\sneakshopClient\src\app\component\application\tipoproducto\routed\admin\tipoproducto-edit-admin\tipoproducto-edit-admin.component.spec.ts", "TypeScript", 0, 0, 0, 0, 18, 0, 0, 6, 24
"c:\Users\abeni\OneDrive\Escritorio\daw2\proyecto\sneakshopClient\src\app\component\application\tipoproducto\routed\admin\tipoproducto-edit-admin\tipoproducto-edit-admin.component.ts", "TypeScript", 0, 0, 0, 0, 86, 0, 1, 11, 98
"c:\Users\abeni\OneDrive\Escritorio\daw2\proyecto\sneakshopClient\src\app\component\application\tipoproducto\routed\admin\tipoproducto-new-admin\tipoproducto-new-admin.component.css", "CSS", 0, 4, 0, 0, 0, 0, 0, 0, 4
"c:\Users\abeni\OneDrive\Escritorio\daw2\proyecto\sneakshopClient\src\app\component\application\tipoproducto\routed\admin\tipoproducto-new-admin\tipoproducto-new-admin.component.html", "HTML", 0, 0, 58, 0, 0, 0, 0, 12, 70
"c:\Users\abeni\OneDrive\Escritorio\daw2\proyecto\sneakshopClient\src\app\component\application\tipoproducto\routed\admin\tipoproducto-new-admin\tipoproducto-new-admin.component.spec.ts", "TypeScript", 0, 0, 0, 0, 18, 0, 0, 6, 24
"c:\Users\abeni\OneDrive\Escritorio\daw2\proyecto\sneakshopClient\src\app\component\application\tipoproducto\routed\admin\tipoproducto-new-admin\tipoproducto-new-admin.component.ts", "TypeScript", 0, 0, 0, 0, 69, 0, 1, 13, 83
"c:\Users\abeni\OneDrive\Escritorio\daw2\proyecto\sneakshopClient\src\app\component\application\tipoproducto\routed\admin\tipoproducto-plist-admin\tipoproducto-plist-admin.component.css", "CSS", 0, 4, 0, 0, 0, 0, 0, 0, 4
"c:\Users\abeni\OneDrive\Escritorio\daw2\proyecto\sneakshopClient\src\app\component\application\tipoproducto\routed\admin\tipoproducto-plist-admin\tipoproducto-plist-admin.component.html", "HTML", 0, 0, 62, 0, 0, 0, 0, 2, 64
"c:\Users\abeni\OneDrive\Escritorio\daw2\proyecto\sneakshopClient\src\app\component\application\tipoproducto\routed\admin\tipoproducto-plist-admin\tipoproducto-plist-admin.component.spec.ts", "TypeScript", 0, 0, 0, 0, 18, 0, 0, 6, 24
"c:\Users\abeni\OneDrive\Escritorio\daw2\proyecto\sneakshopClient\src\app\component\application\tipoproducto\routed\admin\tipoproducto-plist-admin\tipoproducto-plist-admin.component.ts", "TypeScript", 0, 0, 0, 0, 71, 0, 1, 14, 86
"c:\Users\abeni\OneDrive\Escritorio\daw2\proyecto\sneakshopClient\src\app\component\application\tipoproducto\routed\admin\tipoproducto-remove-admin\tipoproducto-remove-admin.component.css", "CSS", 0, 4, 0, 0, 0, 0, 0, 0, 4
"c:\Users\abeni\OneDrive\Escritorio\daw2\proyecto\sneakshopClient\src\app\component\application\tipoproducto\routed\admin\tipoproducto-remove-admin\tipoproducto-remove-admin.component.html", "HTML", 0, 0, 23, 0, 0, 0, 0, 3, 26
"c:\Users\abeni\OneDrive\Escritorio\daw2\proyecto\sneakshopClient\src\app\component\application\tipoproducto\routed\admin\tipoproducto-remove-admin\tipoproducto-remove-admin.component.spec.ts", "TypeScript", 0, 0, 0, 0, 18, 0, 0, 6, 24
"c:\Users\abeni\OneDrive\Escritorio\daw2\proyecto\sneakshopClient\src\app\component\application\tipoproducto\routed\admin\tipoproducto-remove-admin\tipoproducto-remove-admin.component.ts", "TypeScript", 0, 0, 0, 0, 35, 0, 0, 7, 42
"c:\Users\abeni\OneDrive\Escritorio\daw2\proyecto\sneakshopClient\src\app\component\application\tipoproducto\routed\admin\tipoproducto-view-admin\tipoproducto-view-admin.component.css", "CSS", 0, 4, 0, 0, 0, 0, 0, 0, 4
"c:\Users\abeni\OneDrive\Escritorio\daw2\proyecto\sneakshopClient\src\app\component\application\tipoproducto\routed\admin\tipoproducto-view-admin\tipoproducto-view-admin.component.html", "HTML", 0, 0, 10, 0, 0, 0, 0, 2, 12
"c:\Users\abeni\OneDrive\Escritorio\daw2\proyecto\sneakshopClient\src\app\component\application\tipoproducto\routed\admin\tipoproducto-view-admin\tipoproducto-view-admin.component.spec.ts", "TypeScript", 0, 0, 0, 0, 18, 0, 0, 6, 24
"c:\Users\abeni\OneDrive\Escritorio\daw2\proyecto\sneakshopClient\src\app\component\application\tipoproducto\routed\admin\tipoproducto-view-admin\tipoproducto-view-admin.component.ts", "TypeScript", 0, 0, 0, 0, 29, 0, 0, 6, 35
"c:\Users\abeni\OneDrive\Escritorio\daw2\proyecto\sneakshopClient\src\app\component\application\tipoproducto\unrouted\tipoproducto-detail-admin-unrouted\tipoproducto-detail-admin-unrouted.component.css", "CSS", 0, 4, 0, 0, 0, 0, 0, 0, 4
"c:\Users\abeni\OneDrive\Escritorio\daw2\proyecto\sneakshopClient\src\app\component\application\tipoproducto\unrouted\tipoproducto-detail-admin-unrouted\tipoproducto-detail-admin-unrouted.component.html", "HTML", 0, 0, 14, 0, 0, 0, 0, 4, 18
"c:\Users\abeni\OneDrive\Escritorio\daw2\proyecto\sneakshopClient\src\app\component\application\tipoproducto\unrouted\tipoproducto-detail-admin-unrouted\tipoproducto-detail-admin-unrouted.component.spec.ts", "TypeScript", 0, 0, 0, 0, 18, 0, 0, 6, 24
"c:\Users\abeni\OneDrive\Escritorio\daw2\proyecto\sneakshopClient\src\app\component\application\tipoproducto\unrouted\tipoproducto-detail-admin-unrouted\tipoproducto-detail-admin-unrouted.component.ts", "TypeScript", 0, 0, 0, 0, 29, 0, 0, 9, 38
"c:\Users\abeni\OneDrive\Escritorio\daw2\proyecto\sneakshopClient\src\app\component\application\tipoproducto\unrouted\tipoproducto-finder\tipoproducto-finder.component.css", "CSS", 0, 0, 0, 0, 0, 0, 0, 1, 1
"c:\Users\abeni\OneDrive\Escritorio\daw2\proyecto\sneakshopClient\src\app\component\application\tipoproducto\unrouted\tipoproducto-finder\tipoproducto-finder.component.html", "HTML", 0, 0, 41, 0, 0, 0, 0, 3, 44
"c:\Users\abeni\OneDrive\Escritorio\daw2\proyecto\sneakshopClient\src\app\component\application\tipoproducto\unrouted\tipoproducto-finder\tipoproducto-finder.component.spec.ts", "TypeScript", 0, 0, 0, 0, 18, 0, 0, 6, 24
"c:\Users\abeni\OneDrive\Escritorio\daw2\proyecto\sneakshopClient\src\app\component\application\tipoproducto\unrouted\tipoproducto-finder\tipoproducto-finder.component.ts", "TypeScript", 0, 0, 0, 0, 99, 0, 1, 17, 117
"c:\Users\abeni\OneDrive\Escritorio\daw2\proyecto\sneakshopClient\src\app\component\application\tipousuario\routed\admin\tipousuario-edit-admin\tipousuario-edit-admin.component.css", "CSS", 0, 4, 0, 0, 0, 0, 0, 0, 4
"c:\Users\abeni\OneDrive\Escritorio\daw2\proyecto\sneakshopClient\src\app\component\application\tipousuario\routed\admin\tipousuario-edit-admin\tipousuario-edit-admin.component.html", "HTML", 0, 0, 36, 0, 0, 0, 0, 10, 46
"c:\Users\abeni\OneDrive\Escritorio\daw2\proyecto\sneakshopClient\src\app\component\application\tipousuario\routed\admin\tipousuario-edit-admin\tipousuario-edit-admin.component.spec.ts", "TypeScript", 0, 0, 0, 0, 22, 0, 1, 6, 29
"c:\Users\abeni\OneDrive\Escritorio\daw2\proyecto\sneakshopClient\src\app\component\application\tipousuario\routed\admin\tipousuario-edit-admin\tipousuario-edit-admin.component.ts", "TypeScript", 0, 0, 0, 0, 86, 0, 1, 12, 99
"c:\Users\abeni\OneDrive\Escritorio\daw2\proyecto\sneakshopClient\src\app\component\application\tipousuario\routed\admin\tipousuario-new-admin\tipousuario-new-admin.component.css", "CSS", 0, 4, 0, 0, 0, 0, 0, 0, 4
"c:\Users\abeni\OneDrive\Escritorio\daw2\proyecto\sneakshopClient\src\app\component\application\tipousuario\routed\admin\tipousuario-new-admin\tipousuario-new-admin.component.html", "HTML", 0, 0, 58, 0, 0, 0, 0, 12, 70
"c:\Users\abeni\OneDrive\Escritorio\daw2\proyecto\sneakshopClient\src\app\component\application\tipousuario\routed\admin\tipousuario-new-admin\tipousuario-new-admin.component.spec.ts", "TypeScript", 0, 0, 0, 0, 22, 0, 1, 6, 29
"c:\Users\abeni\OneDrive\Escritorio\daw2\proyecto\sneakshopClient\src\app\component\application\tipousuario\routed\admin\tipousuario-new-admin\tipousuario-new-admin.component.ts", "TypeScript", 0, 0, 0, 0, 69, 0, 1, 16, 86
"c:\Users\abeni\OneDrive\Escritorio\daw2\proyecto\sneakshopClient\src\app\component\application\tipousuario\routed\admin\tipousuario-plist-admin\tipousuario-plist-admin.component.css", "CSS", 0, 4, 0, 0, 0, 0, 0, 0, 4
"c:\Users\abeni\OneDrive\Escritorio\daw2\proyecto\sneakshopClient\src\app\component\application\tipousuario\routed\admin\tipousuario-plist-admin\tipousuario-plist-admin.component.html", "HTML", 0, 0, 62, 0, 0, 0, 0, 2, 64
"c:\Users\abeni\OneDrive\Escritorio\daw2\proyecto\sneakshopClient\src\app\component\application\tipousuario\routed\admin\tipousuario-plist-admin\tipousuario-plist-admin.component.spec.ts", "TypeScript", 0, 0, 0, 0, 22, 0, 1, 6, 29
"c:\Users\abeni\OneDrive\Escritorio\daw2\proyecto\sneakshopClient\src\app\component\application\tipousuario\routed\admin\tipousuario-plist-admin\tipousuario-plist-admin.component.ts", "TypeScript", 0, 0, 0, 0, 71, 0, 1, 15, 87
"c:\Users\abeni\OneDrive\Escritorio\daw2\proyecto\sneakshopClient\src\app\component\application\tipousuario\routed\admin\tipousuario-remove-admin\tipousuario-remove-admin.component.css", "CSS", 0, 0, 0, 0, 0, 0, 0, 1, 1
"c:\Users\abeni\OneDrive\Escritorio\daw2\proyecto\sneakshopClient\src\app\component\application\tipousuario\routed\admin\tipousuario-remove-admin\tipousuario-remove-admin.component.html", "HTML", 0, 0, 21, 0, 0, 0, 0, 2, 23
"c:\Users\abeni\OneDrive\Escritorio\daw2\proyecto\sneakshopClient\src\app\component\application\tipousuario\routed\admin\tipousuario-remove-admin\tipousuario-remove-admin.component.spec.ts", "TypeScript", 0, 0, 0, 0, 22, 0, 1, 6, 29
"c:\Users\abeni\OneDrive\Escritorio\daw2\proyecto\sneakshopClient\src\app\component\application\tipousuario\routed\admin\tipousuario-remove-admin\tipousuario-remove-admin.component.ts", "TypeScript", 0, 0, 0, 0, 35, 0, 0, 9, 44
"c:\Users\abeni\OneDrive\Escritorio\daw2\proyecto\sneakshopClient\src\app\component\application\tipousuario\routed\admin\tipousuario-view-admin\tipousuario-view-admin.component.css", "CSS", 0, 4, 0, 0, 0, 0, 0, 0, 4
"c:\Users\abeni\OneDrive\Escritorio\daw2\proyecto\sneakshopClient\src\app\component\application\tipousuario\routed\admin\tipousuario-view-admin\tipousuario-view-admin.component.html", "HTML", 0, 0, 10, 0, 0, 0, 0, 2, 12
"c:\Users\abeni\OneDrive\Escritorio\daw2\proyecto\sneakshopClient\src\app\component\application\tipousuario\routed\admin\tipousuario-view-admin\tipousuario-view-admin.component.spec.ts", "TypeScript", 0, 0, 0, 0, 22, 0, 1, 6, 29
"c:\Users\abeni\OneDrive\Escritorio\daw2\proyecto\sneakshopClient\src\app\component\application\tipousuario\routed\admin\tipousuario-view-admin\tipousuario-view-admin.component.ts", "TypeScript", 0, 0, 0, 0, 29, 0, 0, 9, 38
"c:\Users\abeni\OneDrive\Escritorio\daw2\proyecto\sneakshopClient\src\app\component\application\tipousuario\unrouted\tipousuario-detail-admin-unrouted\tipousuario-detail-admin-unrouted.component.css", "CSS", 0, 0, 0, 0, 0, 0, 0, 1, 1
"c:\Users\abeni\OneDrive\Escritorio\daw2\proyecto\sneakshopClient\src\app\component\application\tipousuario\unrouted\tipousuario-detail-admin-unrouted\tipousuario-detail-admin-unrouted.component.html", "HTML", 0, 0, 12, 0, 0, 0, 0, 3, 15
"c:\Users\abeni\OneDrive\Escritorio\daw2\proyecto\sneakshopClient\src\app\component\application\tipousuario\unrouted\tipousuario-detail-admin-unrouted\tipousuario-detail-admin-unrouted.component.spec.ts", "TypeScript", 0, 0, 0, 0, 22, 0, 1, 6, 29
"c:\Users\abeni\OneDrive\Escritorio\daw2\proyecto\sneakshopClient\src\app\component\application\tipousuario\unrouted\tipousuario-detail-admin-unrouted\tipousuario-detail-admin-unrouted.component.ts", "TypeScript", 0, 0, 0, 0, 29, 0, 0, 8, 37
"c:\Users\abeni\OneDrive\Escritorio\daw2\proyecto\sneakshopClient\src\app\component\application\usuario\routed\admin\usuario-edit-admin\usuario-edit-admin.component.css", "CSS", 0, 5, 0, 0, 0, 0, 0, 0, 5
"c:\Users\abeni\OneDrive\Escritorio\daw2\proyecto\sneakshopClient\src\app\component\application\usuario\routed\admin\usuario-edit-admin\usuario-edit-admin.component.html", "HTML", 0, 0, 173, 0, 0, 0, 0, 18, 191
"c:\Users\abeni\OneDrive\Escritorio\daw2\proyecto\sneakshopClient\src\app\component\application\usuario\routed\admin\usuario-edit-admin\usuario-edit-admin.component.spec.ts", "TypeScript", 0, 0, 0, 0, 18, 0, 0, 6, 24
"c:\Users\abeni\OneDrive\Escritorio\daw2\proyecto\sneakshopClient\src\app\component\application\usuario\routed\admin\usuario-edit-admin\usuario-edit-admin.component.ts", "TypeScript", 0, 0, 0, 0, 206, 0, 3, 23, 232
"c:\Users\abeni\OneDrive\Escritorio\daw2\proyecto\sneakshopClient\src\app\component\application\usuario\routed\admin\usuario-new-admin\usuario-new-admin.component.css", "CSS", 0, 0, 0, 0, 0, 0, 0, 1, 1
"c:\Users\abeni\OneDrive\Escritorio\daw2\proyecto\sneakshopClient\src\app\component\application\usuario\routed\admin\usuario-new-admin\usuario-new-admin.component.html", "HTML", 0, 0, 187, 0, 0, 0, 0, 25, 212
"c:\Users\abeni\OneDrive\Escritorio\daw2\proyecto\sneakshopClient\src\app\component\application\usuario\routed\admin\usuario-new-admin\usuario-new-admin.component.spec.ts", "TypeScript", 0, 0, 0, 0, 22, 0, 1, 6, 29
"c:\Users\abeni\OneDrive\Escritorio\daw2\proyecto\sneakshopClient\src\app\component\application\usuario\routed\admin\usuario-new-admin\usuario-new-admin.component.ts", "TypeScript", 0, 0, 0, 0, 108, 0, 1, 25, 134
"c:\Users\abeni\OneDrive\Escritorio\daw2\proyecto\sneakshopClient\src\app\component\application\usuario\routed\admin\usuario-plist-admin\usuario-plist-admin.component.css", "CSS", 0, 5, 0, 0, 0, 0, 0, 0, 5
"c:\Users\abeni\OneDrive\Escritorio\daw2\proyecto\sneakshopClient\src\app\component\application\usuario\routed\admin\usuario-plist-admin\usuario-plist-admin.component.html", "HTML", 0, 0, 89, 0, 0, 0, 0, 2, 91
"c:\Users\abeni\OneDrive\Escritorio\daw2\proyecto\sneakshopClient\src\app\component\application\usuario\routed\admin\usuario-plist-admin\usuario-plist-admin.component.spec.ts", "TypeScript", 0, 0, 0, 0, 0, 0, 0, 1, 1
"c:\Users\abeni\OneDrive\Escritorio\daw2\proyecto\sneakshopClient\src\app\component\application\usuario\routed\admin\usuario-plist-admin\usuario-plist-admin.component.ts", "TypeScript", 0, 0, 0, 0, 85, 0, 1, 22, 108
"c:\Users\abeni\OneDrive\Escritorio\daw2\proyecto\sneakshopClient\src\app\component\application\usuario\routed\admin\usuario-remove-admin\usuario-remove-admin.component.css", "CSS", 0, 5, 0, 0, 0, 0, 0, 0, 5
"c:\Users\abeni\OneDrive\Escritorio\daw2\proyecto\sneakshopClient\src\app\component\application\usuario\routed\admin\usuario-remove-admin\usuario-remove-admin.component.html", "HTML", 0, 0, 23, 0, 0, 0, 0, 1, 24
"c:\Users\abeni\OneDrive\Escritorio\daw2\proyecto\sneakshopClient\src\app\component\application\usuario\routed\admin\usuario-remove-admin\usuario-remove-admin.component.spec.ts", "TypeScript", 0, 0, 0, 0, 18, 0, 0, 6, 24
"c:\Users\abeni\OneDrive\Escritorio\daw2\proyecto\sneakshopClient\src\app\component\application\usuario\routed\admin\usuario-remove-admin\usuario-remove-admin.component.ts", "TypeScript", 0, 0, 0, 0, 35, 0, 0, 14, 49
"c:\Users\abeni\OneDrive\Escritorio\daw2\proyecto\sneakshopClient\src\app\component\application\usuario\routed\admin\usuario-view-admin-routed\usuario-view-admin-routed.component.css", "CSS", 0, 5, 0, 0, 0, 0, 0, 0, 5
"c:\Users\abeni\OneDrive\Escritorio\daw2\proyecto\sneakshopClient\src\app\component\application\usuario\routed\admin\usuario-view-admin-routed\usuario-view-admin-routed.component.html", "HTML", 0, 0, 10, 0, 0, 0, 0, 1, 11
"c:\Users\abeni\OneDrive\Escritorio\daw2\proyecto\sneakshopClient\src\app\component\application\usuario\routed\admin\usuario-view-admin-routed\usuario-view-admin-routed.component.spec.ts", "TypeScript", 0, 0, 0, 0, 22, 0, 1, 6, 29
"c:\Users\abeni\OneDrive\Escritorio\daw2\proyecto\sneakshopClient\src\app\component\application\usuario\routed\admin\usuario-view-admin-routed\usuario-view-admin-routed.component.ts", "TypeScript", 0, 0, 0, 0, 30, 0, 0, 8, 38
"c:\Users\abeni\OneDrive\Escritorio\daw2\proyecto\sneakshopClient\src\app\component\application\usuario\usuario-detail-admin-unrouted\usuario-detail-admin-unrouted.component.css", "CSS", 0, 0, 0, 0, 0, 0, 0, 1, 1
"c:\Users\abeni\OneDrive\Escritorio\daw2\proyecto\sneakshopClient\src\app\component\application\usuario\usuario-detail-admin-unrouted\usuario-detail-admin-unrouted.component.html", "HTML", 0, 0, 26, 0, 0, 0, 0, 0, 26
"c:\Users\abeni\OneDrive\Escritorio\daw2\proyecto\sneakshopClient\src\app\component\application\usuario\usuario-detail-admin-unrouted\usuario-detail-admin-unrouted.component.spec.ts", "TypeScript", 0, 0, 0, 0, 22, 0, 1, 6, 29
"c:\Users\abeni\OneDrive\Escritorio\daw2\proyecto\sneakshopClient\src\app\component\application\usuario\usuario-detail-admin-unrouted\usuario-detail-admin-unrouted.component.ts", "TypeScript", 0, 0, 0, 0, 29, 0, 0, 11, 40
"c:\Users\abeni\OneDrive\Escritorio\daw2\proyecto\sneakshopClient\src\app\component\shared\routed\home\home.component.css", "CSS", 0, 249, 0, 0, 0, 0, 0, 16, 265
"c:\Users\abeni\OneDrive\Escritorio\daw2\proyecto\sneakshopClient\src\app\component\shared\routed\home\home.component.html", "HTML", 0, 0, 38, 0, 0, 0, 0, 1, 39
"c:\Users\abeni\OneDrive\Escritorio\daw2\proyecto\sneakshopClient\src\app\component\shared\routed\home\home.component.spec.ts", "TypeScript", 0, 0, 0, 0, 18, 0, 0, 6, 24
"c:\Users\abeni\OneDrive\Escritorio\daw2\proyecto\sneakshopClient\src\app\component\shared\routed\home\home.component.ts", "TypeScript", 0, 0, 0, 0, 8, 0, 0, 3, 11
"c:\Users\abeni\OneDrive\Escritorio\daw2\proyecto\sneakshopClient\src\app\component\shared\routed\login\login.component.css", "CSS", 0, 39, 0, 0, 0, 0, 0, 10, 49
"c:\Users\abeni\OneDrive\Escritorio\daw2\proyecto\sneakshopClient\src\app\component\shared\routed\login\login.component.html", "HTML", 0, 0, 42, 0, 0, 0, 0, 9, 51
"c:\Users\abeni\OneDrive\Escritorio\daw2\proyecto\sneakshopClient\src\app\component\shared\routed\login\login.component.spec.ts", "TypeScript", 0, 0, 0, 0, 18, 0, 0, 6, 24
"c:\Users\abeni\OneDrive\Escritorio\daw2\proyecto\sneakshopClient\src\app\component\shared\routed\login\login.component.ts", "TypeScript", 0, 0, 0, 0, 64, 0, 0, 12, 76
"c:\Users\abeni\OneDrive\Escritorio\daw2\proyecto\sneakshopClient\src\app\component\shared\routed\logout\logout.component.css", "CSS", 0, 0, 0, 0, 0, 0, 0, 1, 1
"c:\Users\abeni\OneDrive\Escritorio\daw2\proyecto\sneakshopClient\src\app\component\shared\routed\logout\logout.component.html", "HTML", 0, 0, 15, 0, 0, 0, 0, 2, 17
"c:\Users\abeni\OneDrive\Escritorio\daw2\proyecto\sneakshopClient\src\app\component\shared\routed\logout\logout.component.spec.ts", "TypeScript", 0, 0, 0, 0, 18, 0, 0, 6, 24
"c:\Users\abeni\OneDrive\Escritorio\daw2\proyecto\sneakshopClient\src\app\component\shared\routed\logout\logout.component.ts", "TypeScript", 0, 0, 0, 0, 30, 0, 0, 4, 34
"c:\Users\abeni\OneDrive\Escritorio\daw2\proyecto\sneakshopClient\src\app\component\shared\unrouted\dropdown-register-page\dropdown-register-page.component.css", "CSS", 0, 0, 0, 0, 0, 0, 0, 1, 1
"c:\Users\abeni\OneDrive\Escritorio\daw2\proyecto\sneakshopClient\src\app\component\shared\unrouted\dropdown-register-page\dropdown-register-page.component.html", "HTML", 0, 0, 13, 0, 0, 0, 0, 1, 14
"c:\Users\abeni\OneDrive\Escritorio\daw2\proyecto\sneakshopClient\src\app\component\shared\unrouted\dropdown-register-page\dropdown-register-page.component.spec.ts", "TypeScript", 0, 0, 0, 0, 18, 0, 0, 6, 24
"c:\Users\abeni\OneDrive\Escritorio\daw2\proyecto\sneakshopClient\src\app\component\shared\unrouted\dropdown-register-page\dropdown-register-page.component.ts", "TypeScript", 0, 0, 0, 0, 17, 0, 0, 7, 24
"c:\Users\abeni\OneDrive\Escritorio\daw2\proyecto\sneakshopClient\src\app\component\shared\unrouted\menu\menu.component.css", "CSS", 0, 0, 0, 0, 0, 0, 0, 1, 1
"c:\Users\abeni\OneDrive\Escritorio\daw2\proyecto\sneakshopClient\src\app\component\shared\unrouted\menu\menu.component.html", "HTML", 0, 0, 42, 0, 0, 0, 0, 1, 43
"c:\Users\abeni\OneDrive\Escritorio\daw2\proyecto\sneakshopClient\src\app\component\shared\unrouted\menu\menu.component.spec.ts", "TypeScript", 0, 0, 0, 0, 18, 0, 0, 6, 24
"c:\Users\abeni\OneDrive\Escritorio\daw2\proyecto\sneakshopClient\src\app\component\shared\unrouted\menu\menu.component.ts", "TypeScript", 0, 0, 0, 0, 31, 0, 0, 6, 37
"c:\Users\abeni\OneDrive\Escritorio\daw2\proyecto\sneakshopClient\src\app\component\shared\unrouted\pagination-unrouted\pagination-unrouted.component.css", "CSS", 0, 0, 0, 0, 0, 0, 0, 1, 1
"c:\Users\abeni\OneDrive\Escritorio\daw2\proyecto\sneakshopClient\src\app\component\shared\unrouted\pagination-unrouted\pagination-unrouted.component.html", "HTML", 0, 0, 7, 0, 0, 0, 0, 0, 7
"c:\Users\abeni\OneDrive\Escritorio\daw2\proyecto\sneakshopClient\src\app\component\shared\unrouted\pagination-unrouted\pagination-unrouted.component.spec.ts", "TypeScript", 0, 0, 0, 0, 22, 0, 1, 6, 29
"c:\Users\abeni\OneDrive\Escritorio\daw2\proyecto\sneakshopClient\src\app\component\shared\unrouted\pagination-unrouted\pagination-unrouted.component.ts", "TypeScript", 0, 0, 0, 0, 37, 0, 0, 11, 48
"c:\Users\abeni\OneDrive\Escritorio\daw2\proyecto\sneakshopClient\src\app\component\shared\unrouted\search-unrouted\search-unrouted.component.css", "CSS", 0, 0, 0, 0, 0, 0, 0, 1, 1
"c:\Users\abeni\OneDrive\Escritorio\daw2\proyecto\sneakshopClient\src\app\component\shared\unrouted\search-unrouted\search-unrouted.component.html", "HTML", 0, 0, 8, 0, 0, 0, 0, 3, 11
"c:\Users\abeni\OneDrive\Escritorio\daw2\proyecto\sneakshopClient\src\app\component\shared\unrouted\search-unrouted\search-unrouted.component.spec.ts", "TypeScript", 0, 0, 0, 0, 18, 0, 0, 6, 24
"c:\Users\abeni\OneDrive\Escritorio\daw2\proyecto\sneakshopClient\src\app\component\shared\unrouted\search-unrouted\search-unrouted.component.ts", "TypeScript", 0, 0, 0, 0, 17, 0, 0, 6, 23
"c:\Users\abeni\OneDrive\Escritorio\daw2\proyecto\sneakshopClient\src\app\component\shared\unrouted\sneaker-info-unrouted\sneaker-info-unrouted.component.css", "CSS", 0, 0, 0, 0, 0, 0, 0, 1, 1
"c:\Users\abeni\OneDrive\Escritorio\daw2\proyecto\sneakshopClient\src\app\component\shared\unrouted\sneaker-info-unrouted\sneaker-info-unrouted.component.html", "HTML", 0, 0, 3, 0, 0, 0, 0, 0, 3
"c:\Users\abeni\OneDrive\Escritorio\daw2\proyecto\sneakshopClient\src\app\component\shared\unrouted\sneaker-info-unrouted\sneaker-info-unrouted.component.spec.ts", "TypeScript", 0, 0, 0, 0, 18, 0, 0, 6, 24
"c:\Users\abeni\OneDrive\Escritorio\daw2\proyecto\sneakshopClient\src\app\component\shared\unrouted\sneaker-info-unrouted\sneaker-info-unrouted.component.ts", "TypeScript", 0, 0, 0, 0, 9, 0, 0, 3, 12
"c:\Users\abeni\OneDrive\Escritorio\daw2\proyecto\sneakshopClient\src\app\component\shared\unrouted\tipousuario-finder\tipousuario-finder.component.css", "CSS", 0, 0, 0, 0, 0, 0, 0, 1, 1
"c:\Users\abeni\OneDrive\Escritorio\daw2\proyecto\sneakshopClient\src\app\component\shared\unrouted\tipousuario-finder\tipousuario-finder.component.html", "HTML", 0, 0, 41, 0, 0, 0, 0, 3, 44
"c:\Users\abeni\OneDrive\Escritorio\daw2\proyecto\sneakshopClient\src\app\component\shared\unrouted\tipousuario-finder\tipousuario-finder.component.spec.ts", "TypeScript", 0, 0, 0, 0, 18, 0, 0, 6, 24
"c:\Users\abeni\OneDrive\Escritorio\daw2\proyecto\sneakshopClient\src\app\component\shared\unrouted\tipousuario-finder\tipousuario-finder.component.ts", "TypeScript", 0, 0, 0, 0, 99, 0, 1, 16, 116
"c:\Users\abeni\OneDrive\Escritorio\daw2\proyecto\sneakshopClient\src\app\component\shared\unrouted\usuario-finder\usuario-finder.component.css", "CSS", 0, 0, 0, 0, 0, 0, 0, 1, 1
"c:\Users\abeni\OneDrive\Escritorio\daw2\proyecto\sneakshopClient\src\app\component\shared\unrouted\usuario-finder\usuario-finder.component.html", "HTML", 0, 0, 59, 0, 0, 0, 0, 4, 63
"c:\Users\abeni\OneDrive\Escritorio\daw2\proyecto\sneakshopClient\src\app\component\shared\unrouted\usuario-finder\usuario-finder.component.spec.ts", "TypeScript", 0, 0, 0, 0, 18, 0, 0, 6, 24
"c:\Users\abeni\OneDrive\Escritorio\daw2\proyecto\sneakshopClient\src\app\component\shared\unrouted\usuario-finder\usuario-finder.component.ts", "TypeScript", 0, 0, 0, 0, 76, 0, 1, 11, 88
"c:\Users\abeni\OneDrive\Escritorio\daw2\proyecto\sneakshopClient\src\app\model\constants.ts", "TypeScript", 0, 0, 0, 0, 11, 0, 0, 2, 13
"c:\Users\abeni\OneDrive\Escritorio\daw2\proyecto\sneakshopClient\src\app\model\generic-types-interface.ts", "TypeScript", 0, 0, 0, 0, 17, 0, 0, 3, 20
"c:\Users\abeni\OneDrive\Escritorio\daw2\proyecto\sneakshopClient\src\app\model\generic.ts", "TypeScript", 0, 0, 0, 0, 26, 0, 0, 6, 32
"c:\Users\abeni\OneDrive\Escritorio\daw2\proyecto\sneakshopClient\src\app\model\model-interfaces.ts", "TypeScript", 0, 0, 0, 0, 78, 0, 0, 19, 97
"c:\Users\abeni\OneDrive\Escritorio\daw2\proyecto\sneakshopClient\src\app\model\producto-interface.ts", "TypeScript", 0, 0, 0, 0, 33, 0, 0, 6, 39
"c:\Users\abeni\OneDrive\Escritorio\daw2\proyecto\sneakshopClient\src\app\model\shared-interface.ts", "TypeScript", 0, 0, 0, 0, 13, 0, 0, 2, 15
"c:\Users\abeni\OneDrive\Escritorio\daw2\proyecto\sneakshopClient\src\app\model\tipoproducto-interface.ts", "TypeScript", 0, 0, 0, 0, 14, 0, 0, 4, 18
"c:\Users\abeni\OneDrive\Escritorio\daw2\proyecto\sneakshopClient\src\app\model\tipousuario-interface.ts", "TypeScript", 0, 0, 0, 0, 14, 0, 0, 4, 18
"c:\Users\abeni\OneDrive\Escritorio\daw2\proyecto\sneakshopClient\src\app\model\token-interface.ts", "TypeScript", 0, 0, 0, 0, 7, 0, 0, 0, 7
"c:\Users\abeni\OneDrive\Escritorio\daw2\proyecto\sneakshopClient\src\app\model\usuario-interface.ts", "TypeScript", 0, 0, 0, 0, 41, 0, 0, 5, 46
"c:\Users\abeni\OneDrive\Escritorio\daw2\proyecto\sneakshopClient\src\app\service\crypto.service.ts", "TypeScript", 0, 0, 0, 0, 11, 0, 0, 6, 17
"c:\Users\abeni\OneDrive\Escritorio\daw2\proyecto\sneakshopClient\src\app\service\decode.service.ts", "TypeScript", 0, 0, 0, 0, 16, 0, 0, 9, 25
"c:\Users\abeni\OneDrive\Escritorio\daw2\proyecto\sneakshopClient\src\app\service\metadata.service.ts", "TypeScript", 0, 0, 0, 0, 504, 0, 151, 47, 702
"c:\Users\abeni\OneDrive\Escritorio\daw2\proyecto\sneakshopClient\src\app\service\pagination.service.ts", "TypeScript", 0, 0, 0, 0, 21, 0, 0, 6, 27
"c:\Users\abeni\OneDrive\Escritorio\daw2\proyecto\sneakshopClient\src\app\service\producto.service.ts", "TypeScript", 0, 0, 0, 0, 50, 0, 0, 16, 66
"c:\Users\abeni\OneDrive\Escritorio\daw2\proyecto\sneakshopClient\src\app\service\session.service.ts", "TypeScript", 0, 0, 0, 0, 64, 0, 2, 21, 87
"c:\Users\abeni\OneDrive\Escritorio\daw2\proyecto\sneakshopClient\src\app\service\tipoproducto.service.ts", "TypeScript", 0, 0, 0, 0, 42, 0, 0, 13, 55
"c:\Users\abeni\OneDrive\Escritorio\daw2\proyecto\sneakshopClient\src\app\service\tipousuario.service.ts", "TypeScript", 0, 0, 0, 0, 42, 0, 0, 13, 55
"c:\Users\abeni\OneDrive\Escritorio\daw2\proyecto\sneakshopClient\src\app\service\usuario.service.ts", "TypeScript", 0, 0, 0, 0, 51, 0, 0, 19, 70
"c:\Users\abeni\OneDrive\Escritorio\daw2\proyecto\sneakshopClient\src\environments\environment.prod.ts", "TypeScript", 0, 0, 0, 0, 3, 0, 0, 1, 4
"c:\Users\abeni\OneDrive\Escritorio\daw2\proyecto\sneakshopClient\src\environments\environment.ts", "TypeScript", 0, 0, 0, 0, 9, 0, 11, 4, 24
"c:\Users\abeni\OneDrive\Escritorio\daw2\proyecto\sneakshopClient\src\index.html", "HTML", 0, 0, 22, 0, 0, 0, 0, 3, 25
"c:\Users\abeni\OneDrive\Escritorio\daw2\proyecto\sneakshopClient\src\main.ts", "TypeScript", 0, 0, 0, 0, 4, 0, 0, 4, 8
"c:\Users\abeni\OneDrive\Escritorio\daw2\proyecto\sneakshopClient\src\styles.css", "CSS", 0, 11, 0, 0, 0, 0, 3, 3, 17
"c:\Users\abeni\OneDrive\Escritorio\daw2\proyecto\sneakshopClient\tsconfig.app.json", "JSON", 0, 0, 0, 13, 0, 0, 1, 1, 15
"c:\Users\abeni\OneDrive\Escritorio\daw2\proyecto\sneakshopClient\tsconfig.json", "JSON with Comments", 33, 0, 0, 0, 0, 0, 1, 1, 35
"c:\Users\abeni\OneDrive\Escritorio\daw2\proyecto\sneakshopClient\tsconfig.spec.json", "JSON", 0, 0, 0, 13, 0, 0, 1, 1, 15
"Total", "-", 33, 457, 1833, 11762, 4118, 14, 214, 1157, 19588